{"train_loss": [2.8660175800323486, 2.677903413772583, 2.5019898414611816, 2.337442636489868, 2.1842565536499023, 2.041529893875122, 1.9066613912582397, 1.781214952468872, 1.6634482145309448, 1.551193356513977, 1.4465993642807007, 1.3485560417175293, 1.2557783126831055, 1.1695897579193115, 1.088828444480896, 1.0118619203567505, 0.9412218332290649, 0.8749679327011108, 0.8131087422370911, 0.7557122111320496], "val_loss": [2.9726316928863525, 2.924241542816162, 2.8846418857574463, 2.8485424518585205, 2.81398868560791, 2.783759832382202, 2.7618842124938965, 2.739877939224243, 2.7225394248962402, 2.7081942558288574, 2.6959354877471924, 2.6846468448638916, 2.674971580505371, 2.6683993339538574, 2.6640710830688477, 2.660086154937744, 2.658806800842285, 2.6575968265533447, 2.6563148498535156, 2.6581456661224365]}