{"train_loss": [2.8736391067504883, 2.683371067047119, 2.5072100162506104, 2.343421697616577, 2.1894583702087402, 2.0458221435546875, 1.911616325378418, 1.7861132621765137, 1.6686722040176392, 1.5565588474273682, 1.4527968168258667, 1.35398530960083, 1.260653018951416, 1.1732232570648193, 1.09212064743042, 1.0156217813491821, 0.9445037245750427, 0.8779643177986145, 0.8156216740608215, 0.7581233978271484], "val_loss": [2.9704487323760986, 2.921663761138916, 2.884082794189453, 2.8507399559020996, 2.821808099746704, 2.7945308685302734, 2.772061824798584, 2.7538180351257324, 2.7386348247528076, 2.723813056945801, 2.711810350418091, 2.69830060005188, 2.68808650970459, 2.6818885803222656, 2.6778149604797363, 2.675760507583618, 2.6738154888153076, 2.6727705001831055, 2.67335844039917, 2.6745381355285645]}