{"train_loss": [0.7172094583511353, 0.6556600332260132, 0.6328366994857788, 0.6208904385566711, 0.6177403926849365, 0.6051894426345825, 0.5976419448852539, 0.586685836315155, 0.5675262808799744, 0.5517371892929077, 0.5305978655815125], "val_loss": [0.7202498912811279, 0.6242555379867554, 0.5958165526390076, 0.5825873017311096, 0.5740088820457458, 0.5668672323226929, 0.5593582391738892, 0.5535008311271667, 0.544039785861969, 0.5374828577041626, 0.5342383980751038]}