{"train_loss": [0.7172094583511353, 0.6556600332260132, 0.6328366994857788, 0.6208904385566711, 0.6177403926849365, 0.6051894426345825, 0.5976419448852539, 0.586685836315155, 0.5675262808799744, 0.5517371892929077, 0.5305978655815125], "val_loss": [0.7202490568161011, 0.6242190003395081, 0.5957303643226624, 0.5824539065361023, 0.5738333463668823, 0.5666576623916626, 0.5591195821762085, 0.553235650062561, 0.5437507629394531, 0.5371650457382202, 0.5339067578315735]}