{"train_loss": [0.4769190847873688], "val_loss": [0.632297933101654]}