{"train_loss": [0.6677609086036682, 0.6132562756538391, 0.6158710718154907, 0.5985143780708313, 0.5923637747764587, 0.5828025341033936, 0.5741028189659119, 0.5039940476417542], "val_loss": [0.65436851978302, 0.5988417863845825, 0.6010310649871826, 0.5641201138496399, 0.5648346543312073, 0.5627780556678772, 0.5605472922325134, 0.5016054511070251]}