{"train_loss": [0.6677609086036682, 0.6132562756538391, 0.6158710718154907, 0.5985143780708313, 0.5923637747764587, 0.5828025341033936, 0.5741028189659119, 0.5039940476417542], "val_loss": [0.6543522477149963, 0.5987313985824585, 0.6008595824241638, 0.5639168620109558, 0.5645859241485596, 0.5624856948852539, 0.5601971745491028, 0.501282274723053]}